{
  "datasets": [ "datasets/negative/time-ambiguity.json" ],
  "imports": [
    "scigen",
    "util",
    "datasets/negative/time_ambiguity"
  ],
  "testing-variables": {
  },
  "variables": {},
  "paragraph": [
    {
      "type": "literal",
      "value": "LSTM is the fastest model with overall time taken being 90 seconds"
    },
    {
      "type": "expression",
      "expression": "\"90\"",
      "categories": ["data_retrieval"]
    },
    {
      "type": "literal",
      "value": "seconds"
    }
  ]
}
