{
  "datasets": [ "datasets/negative/result-ambiguity.json" ],
  "imports": [
    "scigen",
    "util",
    "datasets/negative/result_ambiguity"
  ],
  "testing-variables": {
  },
  "variables": {},
  "paragraph": [
    {
      "type": "literal",
      "value": "LSTM gives better results compared to CNN from"
    },
    {
      "type": "expression",
      "expression": "\"70\"",
      "categories": ["data_retrieval"]
    },
    {
      "type": "literal",
      "value": "to"
    },
    {
      "type": "expression",
      "expression": "\"80\"",
      "categories": ["data_retrieval"]
    }
  ]
}
