{
  "variables": {
    "emissions": [
      {
        "source": "Agriculture",
        "year": "2030"
      },
      {
        "source": "Energy Sector",
        "year": "2030"
      }
    ]
  },
  "testing-variables": {
    "agri_waste_2015": [0.41125300, 0.45000000, 0.38000000, 0.42000000, 0.40000000],
    "energy_2015": [29.76188165, 30.50000000, 28.80000000, 31.20000000, 29.00000000],
    "residential_2015": [2.69146350, 2.80000000, 2.50000000, 2.90000000, 2.60000000],
    "agri_waste_2020": [0.54358088, 0.54358088, 0.54358088, 0.54358088, 0.54358088],
    "energy_2020": [38.81883821, 38.81883821, 38.81883821, 38.81883821, 38.81883821],
    "residential_2020": [2.56548807, 2.56548807, 2.56548807, 2.56548807, 2.56548807],
    "agri_waste_2030": [0.84583739, 0.84583739, 0.84583739, 0.84583739, 0.84583739],
    "energy_2030": [64.18597740, 64.18597740, 64.18597740, 64.18597740, 64.18597740],
    "residential_2030": [1.97035231, 1.97035231, 1.97035231, 1.97035231, 1.97035231]
  },
  "datasets": [ "datasets/methane-emissions.json" ],
  "imports": ["util", "datasets/methane_emissions"],
  "paragraph": [
    {
      "type": "literal",
      "value": "The $emissions.source$ sector accounts for"
    },
    {
      "type": "expression",
      "expression": "(record.emissions / sum(map (fun x -> x.emissions) (getByYear year tableData))) * 100",
      "categories": ["total", "data_retrieval", "data_retrieval", "percentage"]
    },
    {
      "type": "literal",
      "value": "% of total methane emissions in $emissions.year$."
    }
  ]
}
