{
  "datasets": [ "datasets/1002.0773.json" ],
  "imports": ["datasets/_1002_0773"],
  "variables": {},
  "testing-variables": {
    "peak_wer": [12.5, 12.5, 12.5, 12.5, 12.5],
    "final_wer": [12.3, 12.3, 12.3, 12.3, 12.3],
    "initial_wer": [17.4, 17.4, 17.4, 17.4, 17.4],
    "mid_wer": [13.3, 13.3, 13.3, 13.3, 13.3]
  },
  "paragraph": [
    {
      "type": "literal",
      "value": "In this experiment we regenerate the phone-marked word lattices between each iteration of extended Baum-Welch. Thus at iteration k+1 we are using p(wx;Vk,Rk) as the model selection criterion when we estimate the parameters k+1. Starting from the mle, we run extended Baum-Welch 100 times. We observe the following: The logarithm of the approximate MMI criterion, logpk(wx;Vk,Rk), reaches its peak value after"
    },
    {
      "type": "expression",
      "expression": "(foldr (fun x acc -> if x.wer > acc.wer then x else acc) (head tableData) tableData).iteration",
      "categories": ["data_retrieval"]
    },
    {
      "type": "literal",
      "value": "iterations and then continues its oscillation."
    }
  ]
}
