{
  "datasets": [ "datasets/1003.0206.json" ],
  "imports": ["scigen", "util", "datasets/_1003_0206"],
  "variables": {},
  "testing-variables": {
    "sim_errors_39": [16, 16, 16, 16, 16],
    "sim_errors_13": [49, 49, 49, 49, 49],
    "resamp_errors_39": [52, 52, 52, 52, 52],
    "resamp_errors_13": [133, 133, 133, 133, 133],
    "sim_factor": [3.06, 3.06, 3.06, 3.06, 3.06],
    "resamp_factor": [2.56, 2.56, 2.56, 2.56, 2.56]
  },
  "paragraph": [
    {
      "type": "literal",
      "value": "The low number of errors in the simulation results imply that there is surprisingly little overlap in the models in 39 or 13 dimensions. Likewise, the resampling results show that there is surprisingly little overlap in the test frames in 39 or 13 dimensions. In both cases the number of errors increases by a factor of"
    },
    {
      "type": "expression",
      "expression": "a.number_of_errors_13_features / a.number_of_errors_39_features",
      "categories": ["data_retrieval", "data_retrieval", "comparison"]
    },
    {
      "type": "literal",
      "value": "as we move from 39 dimensions to 13 dimensions which implies that there must be more separation in the models and the data in the 39-dimensional space."
    }
  ]
}
