{
  "datasets": [ "datasets/1110.3094.json" ],
  "imports": ["scigen", "util", "datasets/_1110_3094"],
  "variables": {},
  "testing-variables": {
    "resp_svm1_precision": [85.4, 85.9, 83.2, 82.0, 93.8],
    "gast_naive_bayes_recall": [75.5, 74.7, 76.1, 90.3, 82.4],
    "neur_svm2_f1": [86.9, 83.4, 66.7, 76.5, 85.4],
    "hem_svm1_recall": [58.3, 50.0, 43.8, 60.0, 55.0]
  },
  "paragraph": [
    {
      "type": "literal",
      "value": "Overall the SVM with polynomial degree 1 kernel"
    },
    {
      "type": "expression",
      "expression": "underOverPerformed (overallComparison [ overallComparison (map (compareCols \"svm1_p\" \"naive_bayes_p\") tableData), overallComparison (map (compareCols \"svm1_p\" \"svm2_p\") tableData), overallComparison (map (compareCols \"svm1_p\" \"svm3_p\") tableData), overallComparison (map (compareCols \"svm1_p\" \"svmr_p\") tableData)])",
      "categories": ["comparison", "comparison", "data_retrieval", "comparison", "data_retrieval", "comparison", "data_retrieval", "comparison", "data_retrieval"]
    },
    {
      "type": "literal",
      "value": " all other kernels with other kernels generally offering"
    },
    {
      "type": "expression",
      "expression": "betterWorse (overallComparison [ overallComparison (map (compareCols \"svm1_p\" \"naive_bayes_p\") tableData), overallComparison (map (compareCols \"svm1_p\" \"svm2_p\") tableData), overallComparison (map (compareCols \"svm1_p\" \"svm3_p\") tableData), overallComparison (map (compareCols \"svm1_p\" \"svmr_p\") tableData)])",
      "categories": ["comparison", "comparison", "data_retrieval", "comparison", "data_retrieval", "comparison", "data_retrieval", "comparison", "data_retrieval"]
    },
    {
      "type": "literal",
      "value": " precision at a "
    },
    {
      "type": "expression",
      "expression": "aHigherLower (overallComparison [ overallComparison (map (compareCols \"naive_bayes_r\" \"svm1_r\") tableData), overallComparison (map (compareCols \"svm2_r\" \"svm1_r\") tableData), overallComparison (map (compareCols \"svm3_r\" \"svm1_r\") tableData), overallComparison (map (compareCols \"svmr_r\" \"svm1_r\") tableData)])",
      "categories": ["comparison", "comparison", "data_retrieval", "comparison", "data_retrieval", "comparison", "data_retrieval", "comparison", "data_retrieval"]
    },
    {
      "type": "literal",
      "value": " cost to recall. Precision (Positive predictive) values ranged from "
    },
    {
      "type": "expression",
      "expression": "minimum (getColumn \"svm1_p\" tableData)",
      "categories": ["min_max", "data_retrieval"]
    },
    {
      "type": "literal",
      "value": " to "
    },
    {
      "type": "expression",
      "expression": "maximum (getColumn \"svm1_p\" tableData)",
      "categories": ["min_max", "data_retrieval"]
    },
    {
      "type": "literal",
      "value": "for SVM (polynomial degree 1) and from"
    },
    {
      "type": "expression",
      "expression": "minimum (getColumn \"naive_bayes_p\" tableData)",
      "categories": ["min_max", "data_retrieval"]
    },
    {
      "type": "literal",
      "value": " to "
    },
    {
      "type": "expression",
      "expression": "maximum (getColumn \"naive_bayes_p\" tableData)",
      "categories": ["min_max", "data_retrieval"]
    },
    {
      "type": "literal",
      "value": "for NB. Recall (sensitivity) values ranged from"
    },
    {
      "type": "expression",
      "expression": "minimum (getColumn \"svm1_r\" tableData)",
      "categories": ["min_max", "data_retrieval"]
    },
    {
      "type": "literal",
      "value": " to "
    },
    {
      "type": "expression",
      "expression": "maximum (getColumn \"svm1_r\" tableData)",
      "categories": ["min_max", "data_retrieval"]
    },
    {
      "type": "literal",
      "value": "for SVM (polynomial degree 1) and from "
    },
    {
      "type": "expression",
      "expression": "minimum (getColumn \"naive_bayes_r\" tableData)",
      "categories": ["min_max", "data_retrieval"]
    },
    {
      "type": "literal",
      "value": " to "
    },
    {
      "type": "expression",
      "expression": "maximum (getColumn \"naive_bayes_r\" tableData)",
      "categories": ["min_max", "data_retrieval"]
    },
    {
      "type": "literal",
      "value": " for NB. SVM tended to offer a "
    },
    {
      "type": "expression",
      "expression": "\"reduced\"",
      "categories": ["comparison"]
    },
    {
      "type": "literal",
      "value": " level of precision but "
    },
    {
      "type": "expression",
      "expression": "\"better\"",
      "categories": ["comparison"]
    },
    {
      "type": "literal",
      "value": " recall. In the case of one syndrome (Hemorrhagic) we noticed an unusually "
    },
    {
      "type": "expression",
      "expression": "\"low\"",
      "categories": ["comparison"]
    },
    {
      "type": "literal",
      "value": " level of recall for SVM but not for NB."
    }
  ]
}
