{
  "datasets": [ "datasets/scigen/1805.02474v1-14.json" ],
  "imports": [
    "scigen",
    "util",
    "datasets/scigen/_1805_02474v1_14"
  ],
  "variables": {},
  "testing-variables": {
    "f1_slstm": [
      91.40,
      91.50,
      91.57,
      91.63,
      91.70
    ],
    "f1_yang2017transfer": [
      91.20,
      91.24,
      91.26,
      91.30,
      91.35
    ],
    "train_bilstm": [
      78,
      80,
      82,
      85,
      88
    ],
    "test_bilstm": [
      9.5,
      9.7,
      9.89,
      10.1,
      10.3
    ]
  },
  "paragraph": [
    {
      "type": "literal",
      "value": "For NER (Table 7), S-LSTM gives an F1-score of"
    },
    {
      "type": "expression",
      "expression": "(findWithKey_ \"model\" \"S-LSTM\" tableData).f1",
      "categories": ["data_retrieval"]
    },
    {
      "type": "literal",
      "value": "% on the CoNLL test set, which is significantly better compared with BiLSTMs. Stacking more layers of BiLSTMs leads to slightly better F1-scores compared with a single-layer BiLSTM. Our BiLSTM results are comparable to the results reported by Ma and Hovy (2016) and Lample et al. (2016),  In contrast, S-LSTM gives the best reported results under the same settings. In the second section of Table 7, Yang et al. (2017) obtain an Fscore of"
    },
    {
      "type": "expression",
      "expression": "(findWithKey_ \"model\" \"yang2017transfer\" tableData).f1",
      "categories": ["data_retrieval"]
    },
    {
      "type": "literal",
      "value": "%"
    }
  ]
}
