{
  "datasets": [ "datasets/scigen/1904.12550v1-6.json" ],
  "imports": ["scigen", "util", "datasets/scigen/_1904_12550v1_6"],
  "variables": {},
  "testing-variables": {
    "avg_cos_sim_both_f": [0.926, 0.930, 0.920, 0.935, 0.925],
    "avg_cos_sim_label_f": [0.884, 0.884, 0.884, 0.884, 0.884],
    "avg_cos_sim_desc_f": [0.849, 0.849, 0.849, 0.849, 0.849],
    "top_n_cos_sim_both_f": [0.881, 0.881, 0.881, 0.881, 0.881],
    "top_n_cos_sim_label_f": [0.856, 0.856, 0.856, 0.856, 0.856],
    "top_n_cos_sim_desc_f": [0.780, 0.780, 0.780, 0.780, 0.780]
  },
  "paragraph": [
    {
      "type": "literal",
      "value": "The results can be found in Table 3. For comparison, the two top rows provide the best results of Gong et al. (2018). The first interesting finding is that the AVG COS SIM measure again performs very well: In all three settings, it beats both the system based on general-purpose embeddings (topic wiki) and the one that is adapted to the science domain (topic science), with again the Both setting yielding the best overall result ("
    },
    {
      "type": "expression",
      "expression": "(findWhere (fun x -> (x.gong_et_al == \"AVG_COS_SIM\") `and` (x.topic_science == \"Both\")) tableData).f_818",
      "categories": ["data_retrieval"]
    },
    {
      "type": "literal",
      "value": "). Note that our Both setting is probably the one most similar to the concept input used by Gong et al. (2018)."
    }
  ]
}
