[
    {"synd":"Resp.","naive_bayes_p":90.3,"naive_bayes_r":82.4,"naive_bayes_f1":86.2,"svm1_p":85.4,"svm1_r":82.5,"svm1_f1":83.8,"svm2_p":83.0,"svm2_r":71.0,"svm2_f1":76.5,"svm3_p":86.4,"svm3_r":61.3,"svm3_f1":71.7,"svmr_p":66.7,"svmr_r":3.2,"svmr_f1":6.2},
    {"synd":"Gast.","naive_bayes_p":83.3,"naive_bayes_r":75.5,"naive_bayes_f1":79.2,"svm1_p":85.9,"svm1_r":78.4,"svm1_f1":81.8,"svm2_p":92.7,"svm2_r":79.2,"svm2_f1":85.4,"svm3_p":91.4,"svm3_r":66.7,"svm3_f1":77.1,"svmr_p":73.1,"svmr_r":39.6,"svmr_f1":51.3},
    {"synd":"Neur.","naive_bayes_p":98.2,"naive_bayes_r":74.7,"naive_bayes_f1":84.8,"svm1_p":83.2,"svm1_r":95.0,"svm1_f1":88.6,"svm2_p":77.9,"svm2_r":98.2,"svm2_f1":86.9,"svm3_p":62.4,"svm3_r":98.2,"svm3_f1":76.3,"svmr_p":90.0,"svmr_r":63.0,"svmr_f1":74.1},
    {"synd":"Rash","naive_bayes_p":94.5,"naive_bayes_r":76.1,"naive_bayes_f1":84.3,"svm1_p":82.0,"svm1_r":90.6,"svm1_f1":86.0,"svm2_p":76.9,"svm2_r":91.2,"svm2_f1":83.4,"svm3_p":67.7,"svm3_r":94.5,"svm3_f1":78.9,"svmr_p":60.7,"svmr_r":100.0,"svmr_f1":75.5},
    {"synd":"Hem.","naive_bayes_p":89.4,"naive_bayes_r":90.3,"naive_bayes_f1":89.9,"svm1_p":93.8,"svm1_r":58.3,"svm1_f1":71.7,"svm2_p":100.0,"svm2_r":50.0,"svm2_f1":66.7,"svm3_p":100.0,"svm3_r":50,"svm3_f1":66.7,"svmr_p":87.5,"svmr_r":43.8,"svmr_f1":58.3},
    {"synd":"Con.","naive_bayes_p":99.0,"naive_bayes_r":79.8,"naive_bayes_f1":88.4,"svm1_p":83.6,"svm1_r":96.2,"svm1_f1":89.3,"svm2_p":83.6,"svm2_r":93.3,"svm2_f1":88.2,"svm3_p":78.6,"svm3_r":99.0,"svm3_f1":87.7,"svmr_p":76.5,"svmr_r":100,"svmr_f1":86.7}
]

