[{"model": "collobert2011natural", "f1": 89.59, "train_s": "-", "test_s": "-"},
 {"model": "passos2014lexicon", "f1": 90.90, "train_s": "-", "test_s": "-"},
 {"model": "luo2015joint", "f1": 91.20, "train_s": "-", "test_s": "-"},
 {"model": "huang2015bidirectional", "f1": 90.10, "train_s": "-", "test_s": "-"},
 {"model": "lample2016neural", "f1": 90.94, "train_s": "-", "test_s": "-"},
 {"model": "ma2016end", "f1": 91.21, "train_s": "-", "test_s": "-"},
 {"model": "yang2017transfer", "f1": $f1_yang2017transfer$, "train_s": "-", "test_s": "-"},
 {"model": "rei:2017:Long", "f1": 86.26, "train_s": "-", "test_s": "-"},
 {"model": "peters2017semi", "f1":  91.93, "train_s": "-", "test_s": "-"},
 {"model": "BiLSTM", "f1": 90.96, "train_s": $train_bilstm$, "test_s": $test_bilstm$},
 {"model": "2 stacked BiLSTM", "f1": 91.02, "train_s": 159, "test_s": 18.88},
 {"model": "3 stacked BiLSTM", "f1": 91.06, "train_s": 235, "test_s": 30.97},
 {"model": "S-LSTM", "f1": $f1_slstm$, "train_s": 79, "test_s": 9.78}]
