{
  "variables": {
    "emissions": [
      {
        "result":"Agricultural Waste Burning",
        "year1": "2015",
        "year2": "2020",
        "change": "increase"
      },
      {
        "result":"Residential Commercial Other",
        "year1": "2015",
        "year2": "2020",
        "change": "decrease"
      }
    ]
  },
  "testing-variables": {
    "agri_waste_2015": [0.41125300, 0.45000000, 0.38000000, 0.42000000, 0.40000000],
    "energy_2015": [29.76188165, 29.76188165, 29.76188165, 29.76188165, 29.76188165],
    "residential_2015": [2.69146350, 2.80000000, 2.50000000, 2.90000000, 2.60000000],
    "agri_waste_2020": [0.54358088, 0.60000000, 0.50000000, 0.58000000, 0.52000000],
    "energy_2020": [38.81883821, 38.81883821, 38.81883821, 38.81883821, 38.81883821],
    "residential_2020": [2.56548807, 2.70000000, 2.40000000, 2.80000000, 2.50000000],
    "agri_waste_2030": [0.84583739, 0.84583739, 0.84583739, 0.84583739, 0.84583739],
    "energy_2030": [64.18597740, 64.18597740, 64.18597740, 64.18597740, 64.18597740],
    "residential_2030": [1.97035231, 1.97035231, 1.97035231, 1.97035231, 1.97035231]
  },
  "datasets": [ "datasets/methane-emissions.json" ],
  "imports": [ "methane", "datasets/methane_emissions" ],
  "paragraph": [
    {
      "type": "literal",
      "value": "The "
    },
    {
      "type": "expression",
      "expression": "\"$emissions.result$\"",
      "categories": ["comparison"]
    },
    {
      "type": "literal",
      "value": "source exhibited the highest percentage $emissions.change$ in methane emissions between $emissions.year1$ and $emissions.year2$"
    }
  ]
}

