{
  "variables": {
    "emissions": [
      {
        "year": "2020",
        "rank": "highest",
        "result": "Energy Sector"
      },
      {
        "year": "2015",
        "rank": "second highest",
        "result": "Energy Sector"
      },
      {
        "year": "2030",
        "rank": "lowest",
        "result": "Energy Sector"
      }
    ]
  },
  "testing-variables": {
    "agri_waste_2015": [0.41125300, 0.41125300, 0.41125300, 0.41125300, 0.41125300],
    "energy_2015": [29.76188165, 30.50000000, 28.80000000, 31.20000000, 29.00000000],
    "residential_2015": [2.69146350, 2.69146350, 2.69146350, 2.69146350, 2.69146350],
    "agri_waste_2020": [0.54358088, 0.54358088, 0.54358088, 0.54358088, 0.54358088],
    "energy_2020": [38.81883821, 40.00000000, 37.50000000, 39.80000000, 38.20000000],
    "residential_2020": [2.56548807, 2.56548807, 2.56548807, 2.56548807, 2.56548807],
    "agri_waste_2030": [0.84583739, 0.84583739, 0.84583739, 0.84583739, 0.84583739],
    "energy_2030": [64.18597740, 66.00000000, 62.50000000, 65.20000000, 63.80000000],
    "residential_2030": [1.97035231, 1.97035231, 1.97035231, 1.97035231, 1.97035231]
  },
  "datasets": [ "datasets/methane-emissions.json" ],
  "imports": [ "methane", "datasets/methane_emissions" ],
  "paragraph": [
    {
      "type": "literal",
      "value": "In $emissions.year$, the "
    },
    {
      "type": "expression",
      "expression": "\"$emissions.result$\"",
      "categories": ["comparison"]
    },
    {
      "type": "literal",
      "value": " had the $emissions.rank$ amount in methane emissions."
    }
  ]
}
