{
  "variables": {
    "emissions": [
      {
        "year": "2030",
        "operation": "total",
        "expected": "sumEmissions year tableData"
      },
      {
        "year": "2015",
        "operation": "total",
        "expected": "sumEmissions year tableData"
      },
      {
        "year": "2020",
        "operation": "total",
        "expected": "sumEmissions year tableData"
      }
    ]
  },
  "testing-variables": {
    "agri_waste_2015": [0.41125300, 0.45000000, 0.38000000, 0.42000000, 0.40000000],
    "energy_2015": [29.76188165, 30.50000000, 28.80000000, 31.20000000, 29.00000000],
    "residential_2015": [2.69146350, 2.80000000, 2.50000000, 2.90000000, 2.60000000],
    "agri_waste_2020": [0.54358088, 0.60000000, 0.50000000, 0.58000000, 0.52000000],
    "energy_2020": [38.81883821, 40.00000000, 37.50000000, 39.80000000, 38.20000000],
    "residential_2020": [2.56548807, 2.70000000, 2.40000000, 2.80000000, 2.50000000],
    "agri_waste_2030": [0.84583739, 0.90000000, 0.80000000, 0.88000000, 0.82000000],
    "energy_2030": [64.18597740, 66.00000000, 62.50000000, 65.20000000, 63.80000000],
    "residential_2030": [1.97035231, 2.10000000, 1.80000000, 2.20000000, 1.90000000]
  },
  "datasets": [ "datasets/methane-emissions.json" ],
  "imports": [ "methane", "datasets/methane_emissions" ],
  "paragraph": [
    {
      "type": "literal",
      "value": "The $emissions.operation$ methane emissions for the year $emissions.year$ is "
    },
    {
      "type": "expression",
      "expression": "$emissions.expected$",
      "categories": ["sum"]
    }
  ]
}
