{
  "variables": {
    "emissions": [
      {
        "year1": "2015",
        "year2": "2020",
        "article": "the",
        "result": "\"Energy Sector\"",
        "change": "increased",
        "extent": "rise"
      },
      {
        "year1": "2020",
        "year2": "2030",
        "article": "the",
        "result": "\"Energy Sector\"",
        "change": "increased",
        "extent": "rise"
      },
      {
        "year1": "2015",
        "year2": "2030",
        "article": "",
        "result": "\"Residential Commercial Other\"",
        "change": "decreased",
        "extent": "reduction"
      }
    ]
  },
  "testing-variables": {
    "agri_waste_2015": [0.41125300, 0.41125300, 0.41125300, 0.41125300, 0.41125300],
    "energy_2015": [29.76188165, 30.50000000, 28.80000000, 31.20000000, 29.00000000],
    "residential_2015": [2.69146350, 2.80000000, 2.50000000, 2.90000000, 2.60000000],
    "agri_waste_2020": [0.54358088, 0.54358088, 0.54358088, 0.54358088, 0.54358088],
    "energy_2020": [38.81883821, 40.00000000, 37.50000000, 39.80000000, 38.20000000],
    "residential_2020": [2.56548807, 2.56548807, 2.56548807, 2.56548807, 2.56548807],
    "agri_waste_2030": [0.84583739, 0.84583739, 0.84583739, 0.84583739, 0.84583739],
    "energy_2030": [64.18597740, 66.00000000, 62.50000000, 65.20000000, 63.80000000],
    "residential_2030": [1.97035231, 2.10000000, 1.80000000, 2.20000000, 1.90000000]
  },
  "datasets": [ "datasets/methane-emissions.json" ],
  "imports": [ "methane", "datasets/methane_emissions" ],
  "paragraph": [
    {
      "type": "literal",
      "value": "Between $emissions.year1$ and $emissions.year2$, methane emissions $emissions.change$ across most sources, with the largest absolute $emissions.extent$ seen in $emissions.article$"
    },
    {
      "type": "expression",
      "expression": "$emissions.result$",
      "categories": ["data_retrieval"]
    }
  ]
}
