{
  "variables": {
    "emissions": [
      {
        "type":"Agricultural Waste Burning",
        "result": "let maxEntry = maximumBy (fun x -> x.emissions) (filter (fun x -> x.type == \"$emissions.type$\") tableData) in maxEntry.year",
        "record": "highest"
      },
      {
        "type":"Agriculture",
        "result": "let maxEntry = maximumBy (fun x -> x.emissions) (filter (fun x -> x.type == \"$emissions.type$\") tableData) in maxEntry.year",
        "record": "highest"
      },
      {
        "type":"The Energy Sector",
        "result": "let maxEntry = maximumBy (fun x -> x.emissions) (filter (fun x -> x.type == \"$emissions.type$\") tableData) in maxEntry.year",
        "record": "highest"
      },
      {
        "type":"Residential Commercial Other",
        "result": "let maxEntry = maximumBy (fun x -> x.emissions) (filter (fun x -> x.type == \"$emissions.type$\") tableData) in maxEntry.year",
        "record": "lowest"
      },
      {
        "type":"Grassland Burning",
        "result": "let maxEntry = maximumBy (fun x -> x.emissions) (filter (fun x -> x.type == \"$emissions.type$\") tableData) in maxEntry.year",
        "record": "lowest"
      }
    ]
  },
  "testing-variables": {
    "agri_waste_2015": [0.41125300, 0.45000000, 0.38000000, 0.42000000, 0.40000000],
    "energy_2015": [29.76188165, 30.50000000, 28.80000000, 31.20000000, 29.00000000],
    "residential_2015": [2.69146350, 2.80000000, 2.50000000, 2.90000000, 2.60000000],
    "agri_waste_2020": [0.54358088, 0.60000000, 0.50000000, 0.58000000, 0.52000000],
    "energy_2020": [38.81883821, 40.00000000, 37.50000000, 39.80000000, 38.20000000],
    "residential_2020": [2.56548807, 2.70000000, 2.40000000, 2.80000000, 2.50000000],
    "agri_waste_2030": [0.84583739, 0.84583739, 0.84583739, 0.84583739, 0.84583739],
    "energy_2030": [64.18597740, 64.18597740, 64.18597740, 64.18597740, 64.18597740],
    "residential_2030": [1.97035231, 1.97035231, 1.97035231, 1.97035231, 1.97035231]
  },
  "datasets": [ "datasets/methane-emissions.json" ],
  "imports": [ "methane", "util", "datasets/methane_emissions" ],
  "paragraph": [
    {
      "type": "literal",
      "value": "$emissions.type$ recorded its $emissions.record$ methane emissions in"
    },
    {
      "type": "expression",
      "expression": "$emissions.result$",
      "categories": ["data_retrieval"]
    }
  ]
}
