[{"concept_input____embeddings": "GloVe", "concept_input____tf": " +", "concept_input____idf": " -", "label___t": ".365/6", "label___p": 0.797, "label___r": 0.927, "label___f": 0.857, "description___t": ".690/14", "description___p": 0.915, "description___r": 0.782, "description___f": 0.843, "both___t": ".675/16", "both___p": 0.836, "both___r": 0.927, "both___f": 0.879},
 {"concept_input____embeddings": "GloVe", "concept_input____tf": " -", "concept_input____idf": " +", "label___t": ".300/30", "label___p": 0.929, "label___r": 0.236, "label___f": 0.377, "description___t": ".300/30", "description___p": 0.806, "description___r": 0.455, "description___f": 0.581, "both___t": ".300/30", "both___p": 0.778, "both___r": 0.636, "both___f": 0.700},
 {"concept_input____embeddings": "GloVe", "concept_input____tf": " +", "concept_input____idf": " +", "label___t": ".330/6", "label___p": 0.879, "label___r": 0.927, "label___f": 0.903, "description___t": ".345/6", "description___p": 0.881, "description___r": 0.945, "description___f": 0.912, "both___t": ".345/6", "both___p": 0.895, "both___r": 0.927, "both___f": 0.911},
 {"concept_input____embeddings": "Google", "concept_input____tf": " +", "concept_input____idf": " -", "label___t": ".345/22", "label___p": 0.981, "label___r": 0.927, "label___f": 0.953, "description___t": ".480/16", "description___p": 0.895, "description___r": 0.927, "description___f": 0.911, "both___t": ".520/16", "both___p": 0.912, "both___r": 0.945, "both___f": 0.929},
 {"concept_input____embeddings": "Google", "concept_input____tf": " -", "concept_input____idf": " +", "label___t": ".300/30", "label___p": 1.00, "label___r": 0.345, "label___f": 0.514, "description___t": ".300/8", "description___p": 1.00, "description___r": 0.345, "description___f": 0.514, "both___t": ".300/30", "both___p": 1.00, "both___r": 0.600, "both___f": 0.750},
 {"concept_input____embeddings": "Google", "concept_input____tf": " +", "concept_input____idf": " +", "label___t": ".300/10", "label___p": 1.00, "label___r": 0.509, "label___f": 0.675, "description___t": ".300/14", "description___p": 0.972, "description___r": 0.636, "description___f": 0.769, "both___t": ".350/22", "both___p": 1.00, "both___r": 0.836, "both___f": 0.911},
 {"concept_input____embeddings": "fastText", "concept_input____tf": " +", "concept_input____idf": " -", "label___t": ".415/22", "label___p": 0.980, "label___r": 0.873, "label___f": 0.923, "description___t": ".525/14", "description___p": 0.887, "description___r": 0.855, "description___f": 0.870, "both___t": ".535/20", "both___p": 0.869, "both___r": 0.964, "both___f": 0.914},
 {"concept_input____embeddings": "fastText", "concept_input____tf": " -", "concept_input____idf": " +", "label___t": ".350/24", "label___p": 1.00, "label___r": 0.309, "label___f": 0.472, "description___t": ".300/30", "description___p": 1.00, "description___r": 0.382, "description___f": 0.553, "both___t": ".300/28", "both___p": 1.00, "both___r": 0.673, "both___f": 0.804},
 {"concept_input____embeddings": "fastText", "concept_input____tf": " +", "concept_input____idf": " +", "label___t": ".300/20", "label___p": 1.00, "label___r": 0.800, "label___f": 0.889, "description___t": ".300/10", "description___p": 0.953, "description___r": 0.745, "description___f": 0.837, "both___t": ".310/14", "both___p": 0.963, "both___r": 0.945, "both___f":  0.954}]

